11,10,55,81,25,6,62,201,7,236,200
105,18,56,68,412,157,412,20,110,92,100
412,11,31,222,55,25,106,81,134,64,100
12,104,412,41,105,59,412,161,223,53,200
122,110,268,11,99,6,223,84,67,77,200
223,268,11,76,81,67,113,134,25,114,200
82,102,157,412,51,268,254,24,223,222,200
58,19,131,161,67,114,412,110,103,92,200
121,222,51,43,105,11,79,51,89,74,200
412,64,67,21,98,222,63,412,32,64,100
23,22,127,223,55,42,429,57,7,72,200
122,18,111,268,80,84,12,110,68,5,200
32,112,105,25,15,32,412,55,110,24,100
91,75,4,222,121,102,54,75,45,222,200
5,21,40,13,11,29,23,75,10,223,200
18,17,62,86,157,16,86,37,7,110,100
11,67,41,55,127,99,105,11,96,76,200
223,157,150,236,77,62,18,76,105,412,100
81,266,99,45,43,37,102,22,23,268,100
67,74,64,150,268,254,99,76,42,268,200
91,76,39,11,53,22,17,10,412,4,200
106,13,110,45,107,12,22,23,8,99,200
1,102,67,27,103,50,8,81,10,40,200
150,110,5,103,133,110,63,33,157,25,200
16,8,64,81,103,236,115,4,223,201,200
9,85,223,1,122,86,69,55,121,110,100
74,15,107,75,37,20,17,68,117,42,200
53,11,157,74,51,429,29,75,59,40,100
15,67,223,53,61,81,107,99,121,22,100
267,201,37,12,40,75,119,89,81,10,200
161,53,5,266,131,121,110,222,223,17,200
22,161,32,92,412,61,16,79,18,41,200
157,38,51,54,12,51,157,120,421,40,200
102,134,54,6,35,11,67,28,412,122,200
79,24,67,59,267,28,18,143,114,81,200
55,54,67,3,12,245,62,223,15,56,100
81,121,79,111,23,57,112,17,51,11,200
103,68,429,8,57,15,105,81,53,122,200
92,56,54,429,157,35,4,432,104,223,100
110,67,154,412,31,22,11,31,101,223,200
412,86,67,35,38,8,67,23,110,40,200
76,101,223,31,51,8,107,67,61,111,200
245,103,5,110,90,86,76,110,107,99,100
54,104,83,223,11,61,131,37,223,18,200
19,110,111,22,92,5,103,223,222,105,200
55,6,110,86,131,13,1,75,51,32,200
102,53,61,429,79,15,40,22,98,11,200
412,24,53,51,134,245,412,76,36,222,100
18,17,161,82,26,110,17,55,5,53,200
10,117,107,157,222,161,64,5,119,117,100
77,126,268,18,37,98,81,114,62,236,200
268,67,33,223,17,91,119,117,11,245,100
268,45,18,99,154,157,81,33,12,96,200
161,254,21,143,223,37,54,31,19,51,200
157,236,223,33,89,96,81,63,421,39,200
91,11,8,22,412,110,8,79,53,98,100
76,17,110,55,19,17,223,41,22,110,100
74,11,35,157,9,19,119,150,268,223,200
84,79,23,89,236,96,10,67,223,81,100
236,19,11,67,412,40,34,86,20,96,100
67,28,223,53,103,39,268,64,104,412,100
84,36,111,157,22,18,150,69,28,223,100
157,412,268,21,102,15,161,56,8,89,200
9,201,75,67,245,105,24,43,61,222,200
161,55,81,245,157,36,104,122,12,134,100
89,107,32,99,17,68,40,75,22,19,200
24,122,17,67,412,5,89,55,126,119,200
37,67,40,54,79,67,55,39,98,421,100
89,121,429,35,161,223,245,74,267,421,100
107,245,429,13,53,110,102,421,53,119,200
157,67,266,64,1,86,18,126,1,79,200
99,83,81,245,113,223,27,61,22,28,200
35,92,7,154,81,102,59,412,245,222,200
117,150,107,67,35,131,150,14,81,53,200
76,268,150,111,75,13,15,157,11,412,100
22,412,10,27,67,19,1,429,11,103,200
43,67,5,80,25,12,32,75,15,55,100
157,53,67,103,20,120,22,11,223,268,100
36,67,56,98,64,115,223,13,222,24,200
15,245,64,89,13,7,51,72,16,114,200
150,245,29,89,11,62,121,98,81,34,200
31,157,99,76,110,268,122,67,41,24,100
33,268,81,53,104,107,161,5,157,104,200
157,20,45,64,81,432,96,105,17,76,100
99,25,22,92,76,19,80,31,10,119,100
101,39,67,80,223,266,429,13,432,127,100
86,24,22,161,15,32,13,222,99,62,200
11,222,103,61,107,28,1,81,223,62,100
64,8,21,74,63,81,67,37,39,64,100
84,22,23,37,45,59,421,99,110,17,200
92,157,429,1,120,84,222,41,16,32,100
104,114,80,107,74,67,31,12,57,157,200
67,112,102,107,1,6,143,107,115,51,200
98,4,24,37,222,67,106,31,28,223,100
245,150,11,53,412,223,11,101,81,412,200
161,120,75,17,37,67,99,12,75,245,100
67,157,24,12,62,33,107,412,39,84,100
11,74,80,67,412,157,105,21,106,223,100
11,27,99,17,22,105,23,99,19,110,100
105,25,28,69,104,266,25,104,157,11,200
222,112,23,44,40,12,103,9,157,22,100
157,117,62,60,110,64,36,82,51,19,200
11,432,80,22,96,42,268,102,3,17,100
13,112,102,143,51,18,11,64,53,268,200
222,98,201,254,1,64,161,131,6,412,100
92,101,53,223,131,74,254,3,86,222,200
98,106,222,81,120,103,64,223,412,53,100
412,10,157,68,4,67,81,92,11,40,200
59,17,111,67,120,37,15,412,8,24,200
59,81,67,154,35,222,31,99,107,53,200
9,11,121,10,110,157,421,53,245,18,100
432,64,18,86,103,223,84,236,131,7,100
29,157,245,53,5,51,56,30,15,76,100
53,18,114,131,268,48,77,115,110,223,200
157,53,58,56,81,13,25,17,32,53,100
37,96,92,236,35,54,25,55,24,96,200
37,18,254,54,131,75,81,8,37,19,100
222,39,35,112,64,111,99,51,421,117,200
201,64,223,99,1,77,429,32,106,16,100
77,67,223,39,75,72,18,126,40,69,200
122,112,143,222,5,11,37,62,21,157,100
111,245,79,13,429,89,77,15,92,245,200
201,75,15,74,10,26,58,86,4,67,100
59,161,222,28,157,41,22,4,24,223,100
223,107,27,126,51,22,10,75,45,412,200
39,67,59,157,432,43,25,29,13,421,200
254,112,99,412,86,74,18,55,35,24,200
126,223,11,67,63,267,19,41,115,67,200
17,161,77,15,10,96,17,84,19,39,200
103,55,110,17,77,222,98,56,267,81,200
99,53,51,157,54,67,245,157,18,12,100
35,19,81,103,223,67,89,92,35,105,100
81,43,22,107,17,78,41,8,76,61,100
17,268,412,121,96,161,150,18,40,79,200
429,79,12,58,81,15,53,101,31,111,200
201,61,154,18,150,429,14,105,64,37,100
26,23,223,67,131,223,5,42,12,268,100
81,245,86,111,18,254,86,51,267,268,100
9,27,55,22,77,75,223,143,18,19,200
53,63,222,56,62,157,268,81,102,429,200
4,32,150,81,201,67,41,69,92,107,200
86,11,161,134,126,103,114,223,5,110,200
64,17,131,54,110,112,64,79,412,81,200
412,11,24,84,161,157,86,32,22,268,200
15,268,31,102,412,22,105,40,34,102,100
19,17,11,161,21,222,64,107,114,83,100
15,91,54,58,35,64,3,103,51,89,200
102,236,266,81,53,99,268,31,62,67,200
10,143,6,254,110,76,21,79,1,9,100
59,31,18,412,7,429,11,54,25,23,100
223,412,15,102,55,113,6,15,9,53,100
16,20,17,22,23,82,25,10,17,22,100
2,267,102,222,105,64,157,91,222,412,100
77,67,267,110,55,126,107,81,103,102,200
91,96,67,113,223,223,55,21,57,111,100
110,20,412,1,161,13,17,92,19,57,100
107,64,16,42,55,99,4,59,39,42,100
131,4,67,412,114,25,10,412,62,104,200
121,96,421,32,245,36,84,105,15,22,200
76,223,82,59,110,157,161,92,51,32,200
96,99,16,48,131,17,113,81,432,22,100
1,84,79,22,120,157,120,119,76,99,100
105,67,268,19,143,79,15,10,157,54,100
223,150,13,245,22,72,28,13,110,429,100
6,122,412,13,22,84,110,19,412,114,100
266,223,117,236,8,157,76,103,222,89,200
99,236,157,254,133,122,432,67,104,112,200
79,13,110,63,121,45,11,40,223,22,100
75,29,7,223,40,61,5,28,89,15,200
110,53,76,92,67,131,15,75,36,76,100
30,5,122,82,67,42,107,4,37,121,200
53,22,254,98,268,412,39,19,157,67,200
432,59,112,222,39,268,80,86,222,267,100
51,99,79,68,105,16,79,86,75,90,100
1,99,24,266,26,11,43,12,36,110,100
9,412,79,11,22,13,11,222,99,9,200
67,223,412,268,150,77,102,157,15,5,200
429,412,105,11,84,55,18,24,111,92,200
75,267,51,99,223,31,104,117,5,40,100
102,245,67,267,34,7,64,41,412,11,100
61,102,157,117,133,10,412,161,81,76,200
106,432,103,14,81,11,22,37,39,112,100
81,223,106,107,75,107,268,21,105,412,100
91,39,79,1,22,28,53,429,48,1,200
131,12,81,64,29,1,222,53,11,133,200
50,21,120,412,5,19,131,21,53,67,200
131,412,67,110,1,77,67,223,92,81,200
91,67,80,143,23,53,119,21,223,91,100
78,157,22,412,39,62,429,268,161,86,100
25,22,86,19,105,105,12,268,5,222,200
85,121,81,101,37,150,99,98,223,67,100
81,38,16,77,114,17,11,81,99,30,200
107,12,29,13,1,67,110,412,254,92,200
104,90,117,68,113,102,18,91,107,131,100
223,104,1,32,37,107,99,102,110,267,200
68,1,23,22,412,17,11,7,25,18,200
84,114,245,14,51,17,223,429,412,91,100
223,86,59,429,34,22,17,81,1,150,200
43,223,17,110,64,429,10,111,161,223,200
23,89,39,429,81,17,157,106,67,53,200
121,64,157,35,223,81,89,19,34,157,200
122,5,9,64,30,22,29,266,92,89,200
11,68,157,110,412,81,9,17,23,41,200
36,51,16,13,91,222,17,84,51,53,200
4,412,157,133,107,82,5,429,245,35,200
110,421,17,114,268,51,150,268,27,24,100
8,42,201,80,45,67,126,121,12,157,100
115,267,119,32,92,103,86,22,32,37,100
55,8,107,11,21,64,157,14,18,89,200
92,79,15,4,412,24,9,412,15,55,100
81,2,157,57,201,20,68,223,25,22,100
31,99,22,161,5,10,91,33,17,41,100
36,154,22,268,86,11,110,22,1,412,100
41,30,67,412,59,119,54,432,64,268,100
64,117,432,18,112,268,161,110,105,75,100
122,110,4,37,36,20,10,245,22,99,200
105,106,11,119,40,67,11,131,31,40,100
74,21,223,105,254,67,157,107,7,28,200
5,58,42,64,37,157,222,27,10,12,200
102,22,412,11,115,110,133,412,268,28,200
157,15,245,64,412,56,81,412,75,105,100
63,29,14,77,53,102,267,110,17,84,200
53,134,86,67,42,1,24,11,43,22,200
115,150,92,267,21,21,4,64,412,223,100
80,67,157,77,99,92,4,1,76,21,200
105,84,53,54,1,120,67,106,8,2,200
11,30,4,104,223,110,19,157,81,245,200
11,61,114,412,18,37,59,223,1,99,200
161,22,11,79,14,17,223,110,55,161,100
429,223,64,57,245,34,86,77,53,103,100
67,245,254,150,51,134,102,222,39,161,200
98,34,32,223,119,12,80,222,157,9,100
429,111,68,157,79,223,99,106,110,27,100
412,104,24,36,103,36,161,15,13,19,200
25,4,35,67,5,268,27,131,17,134,100
114,53,90,81,107,98,110,150,77,161,200
11,79,37,110,90,22,120,37,20,110,200
59,7,62,127,99,99,54,268,67,22,200
5,67,412,64,11,6,432,55,223,24,100
5,157,110,37,150,35,84,223,51,133,200
1,22,5,157,120,157,223,154,4,24,200
67,107,37,157,62,104,25,157,19,54,100
48,20,9,39,222,268,154,222,67,111,200
37,82,54,22,245,114,37,131,222,112,100
51,62,111,98,268,412,19,17,222,35,200
15,201,102,268,157,267,11,23,67,81,100
96,75,268,25,35,24,18,12,268,254,100
76,81,10,222,201,121,79,429,117,104,100
120,15,89,105,74,67,99,28,25,117,200
236,59,412,80,157,429,1,201,62,23,200
77,412,83,81,222,72,35,117,67,105,200
37,222,58,223,61,62,432,104,16,20,200
4,201,19,106,62,105,7,86,67,223,200
110,19,157,8,117,268,5,15,33,3,200
412,14,55,29,80,127,432,28,67,223,200
67,76,53,150,7,4,11,91,39,64,200
67,1,75,79,106,268,99,114,22,59,100
5,18,17,110,157,11,223,121,412,67,200
121,105,81,429,61,51,201,91,245,102,200
53,157,9,29,223,13,22,51,107,21,200
15,40,117,75,22,32,110,412,9,22,100
150,53,99,42,98,122,223,421,81,96,100
412,80,63,77,86,98,10,11,21,17,200
78,37,24,22,99,157,20,432,64,22,100
23,412,99,110,77,54,18,13,40,102,100
222,7,35,126,12,223,67,157,105,107,200
11,63,67,25,126,133,55,19,1,110,200
48,15,40,127,86,7,122,51,12,25,100
223,82,35,245,222,245,25,24,67,103,200
48,42,90,58,76,51,77,412,11,105,100
11,22,23,1,157,91,18,102,223,107,100
119,76,412,98,1,161,91,22,150,107,100
111,89,110,107,53,4,245,59,111,91,100
44,81,222,56,84,77,67,1,105,92,200
24,223,4,121,17,412,11,28,110,19,200
54,27,19,157,31,115,119,25,10,24,200
67,105,92,11,53,28,110,81,43,86,200
22,154,412,75,102,9,90,223,122,5,100
133,63,37,161,223,429,31,154,79,96,100
107,81,16,50,120,14,60,432,91,22,100
105,412,17,42,41,112,22,64,19,412,100
45,27,22,89,245,91,21,121,412,157,100
53,104,75,77,154,79,131,157,83,119,100
114,223,429,33,161,105,67,25,55,19,200
76,13,4,53,157,59,92,91,131,13,100
39,103,22,69,223,81,77,92,223,112,100
105,56,268,7,15,55,19,222,28,79,100
150,20,223,222,81,105,37,77,67,121,100
412,92,67,24,157,89,103,67,245,113,100
22,91,98,89,254,18,150,9,111,81,200
236,11,103,89,150,41,33,51,90,223,100
107,12,131,78,157,32,22,266,157,40,100
89,131,5,254,42,14,67,102,84,223,200
268,79,11,40,18,110,245,13,86,268,200
122,107,5,55,110,48,6,32,99,102,100
101,77,67,99,76,14,222,1,412,5,200
1,157,51,39,99,77,222,45,103,17,200
11,110,1,92,26,67,86,61,117,11,200
103,157,110,121,412,79,53,55,222,36,200
131,67,53,122,157,105,33,75,21,16,200
254,157,18,106,17,223,23,56,91,110,100
432,421,104,10,98,121,51,53,68,13,100
64,222,81,32,114,222,122,223,5,105,200
222,90,102,17,223,15,48,96,111,102,200
117,161,67,86,19,222,98,121,19,7,100
122,99,35,105,245,10,13,67,1,45,100
134,122,121,117,18,41,201,81,51,113,100
67,266,254,91,201,222,12,161,24,157,100
412,22,11,90,74,81,245,429,23,40,200
113,119,412,92,105,429,40,11,223,4,100
22,35,37,1,102,154,51,89,223,61,100
76,6,223,85,30,112,42,17,223,19,100
245,222,150,157,5,53,5,111,55,110,200
223,131,86,31,429,126,102,143,104,50,100
23,21,223,11,7,24,41,105,412,74,100
432,268,102,51,122,412,150,254,67,112,200
77,86,104,53,69,11,236,31,157,267,100
157,61,92,1,15,107,245,23,22,412,200
35,104,111,80,245,8,40,79,4,119,200
17,37,98,22,4,268,31,37,106,222,100
432,5,15,245,111,43,101,59,42,131,200
32,110,245,37,106,82,38,51,25,19,100
107,21,120,17,157,28,56,110,412,103,100
28,236,99,133,268,79,412,92,81,110,200
22,74,32,37,17,24,10,22,90,99,100
19,110,157,106,23,55,131,22,36,412,200
23,53,80,51,157,412,98,127,92,236,100
35,223,24,51,134,223,99,131,429,40,200
53,74,64,119,81,131,38,99,429,77,100
79,4,412,110,36,51,10,4,107,7,200
11,22,1,122,99,105,84,16,60,104,200
67,89,27,35,63,157,33,48,67,120,100
53,245,75,81,107,24,51,60,268,254,200
115,134,107,1,26,79,412,10,110,127,200
254,31,223,104,81,421,432,17,1,15,100
55,32,110,412,23,62,19,122,21,103,100
5,17,110,161,22,11,32,102,268,22,200
43,32,115,86,42,64,81,134,43,150,200
103,28,1,58,15,23,99,115,51,113,200
2,5,51,82,157,223,96,89,15,107,100
15,120,34,412,41,17,51,133,223,268,100
254,67,4,53,62,11,110,53,266,4,100
22,157,201,64,154,412,266,115,98,22,100
102,7,429,53,59,55,114,84,223,7,200
11,89,16,81,222,22,127,74,117,77,100
92,110,157,267,11,201,11,29,102,63,200
35,10,19,223,67,4,37,120,81,86,100
17,7,201,22,107,92,11,17,1,222,200
61,67,19,54,267,64,67,105,8,267,200
11,1,84,81,105,67,268,62,1,11,100
110,76,11,86,62,22,45,11,222,24,100
1,99,7,22,80,245,40,131,236,80,200
119,412,81,35,59,18,20,105,17,59,100
92,51,54,76,412,77,104,223,39,4,100
103,223,72,222,122,110,37,157,11,74,200
106,40,1,110,17,266,19,245,22,412,100
15,99,10,40,11,77,67,54,117,98,100
23,105,6,77,11,81,111,67,2,41,100
11,131,112,223,133,104,36,131,99,117,200
53,245,119,86,111,29,223,81,143,106,200
161,11,67,412,92,412,79,18,266,11,200
30,429,23,412,19,67,64,223,412,245,100
110,17,236,77,412,67,53,223,110,11,200
1,29,22,62,99,110,222,4,99,11,200
223,131,110,28,58,222,57,115,56,117,200
67,92,267,421,157,35,201,7,23,110,100
4,64,119,267,75,268,40,110,31,17,100
80,245,10,12,157,67,101,114,113,19,200
67,112,105,24,201,31,432,55,14,15,100
77,105,74,81,5,17,16,104,126,99,100
5,412,74,75,67,17,105,266,64,5,100
15,266,43,81,113,112,429,98,421,12,200
268,19,110,37,23,81,53,24,107,110,100
11,110,36,56,22,89,7,58,1,86,100
82,23,33,89,21,102,37,104,266,81,200
11,157,223,5,55,223,55,23,112,11,100
412,98,268,22,20,110,40,35,68,18,100
76,98,27,79,110,41,432,15,131,62,100
254,90,1,51,24,222,161,268,9,17,100
72,90,5,86,15,23,15,1,76,37,200
99,96,432,223,266,245,17,412,105,98,200
268,76,39,107,62,223,33,110,84,122,100
13,85,157,17,120,58,40,104,5,81,200
91,20,18,412,64,201,29,25,11,113,200
245,21,74,11,201,157,74,421,53,67,100
412,268,36,11,17,29,17,22,86,412,100
7,412,150,266,67,157,17,11,223,84,100
42,23,74,157,67,412,67,34,245,81,200
79,222,53,5,90,34,115,23,76,22,200
51,99,111,8,40,98,53,10,222,268,100
110,34,99,412,11,99,106,11,10,40,100
412,67,102,157,98,245,53,64,105,429,100
110,75,54,99,53,64,432,117,55,67,100
223,63,268,429,86,105,75,111,11,81,200
102,64,67,223,84,223,157,67,35,25,200
18,48,75,25,267,157,421,34,126,67,100
245,223,102,69,22,103,429,64,223,111,200
102,222,268,23,14,1,131,31,6,51,200
222,31,19,12,157,64,245,120,51,432,200
223,8,18,80,110,64,99,85,58,67,100
268,10,102,222,37,92,45,110,11,102,200
223,5,429,25,267,15,72,114,134,89,200
36,157,92,24,99,1,62,45,77,22,200
104,107,412,89,268,104,81,11,42,1,100
223,61,157,54,122,53,236,1,29,122,100
8,110,53,40,19,39,110,37,42,35,200
25,102,222,69,58,99,67,6,21,268,200
84,15,28,99,223,99,113,67,122,412,100
1,245,143,133,19,42,69,27,421,53,200
421,222,5,40,45,110,75,99,105,36,200
31,150,429,81,254,412,18,68,421,157,100
11,143,54,412,222,72,412,91,67,13,100
105,77,41,16,55,59,12,222,157,62,100
412,11,104,53,157,24,79,81,67,53,200
11,122,25,157,81,104,98,201,157,11,200
121,22,17,64,89,64,99,67,39,267,200
41,67,20,112,77,45,412,421,29,92,200
110,64,268,150,55,74,40,17,9,22,200
432,223,266,8,81,11,67,16,223,131,100
236,107,98,4,20,412,4,50,2,104,100
53,32,55,67,11,117,111,33,110,90,200
35,23,157,7,22,245,19,18,39,268,200
222,4,19,103,41,157,53,5,107,91,100
16,67,119,133,110,157,223,12,67,113,100
31,55,77,223,5,99,36,161,22,77,200
67,268,76,105,99,10,161,11,18,268,200
6,254,223,25,157,33,1,24,81,222,100
223,11,106,19,67,51,154,223,114,99,100
41,122,105,102,81,254,40,76,22,85,200
92,161,16,432,67,77,223,92,222,37,200
89,31,76,51,113,223,55,266,22,13,100
86,114,20,429,11,80,11,17,22,103,200
42,27,92,134,9,67,27,223,92,76,200
161,412,76,80,236,99,13,39,33,222,100
40,22,11,85,222,157,54,20,222,268,100
76,412,110,36,13,412,245,10,29,102,200
92,222,412,31,11,98,412,429,245,57,100
117,267,96,99,76,1,67,39,16,105,100
102,21,11,92,22,5,75,17,24,22,200
254,143,223,67,34,43,51,122,223,201,100
150,4,7,67,268,268,80,13,22,43,100
1,8,53,67,11,79,133,236,92,38,100
412,143,86,429,11,58,31,67,223,64,100
245,22,61,54,5,11,15,157,223,201,200
114,51,11,111,134,53,76,92,86,4,100
64,98,53,245,99,8,23,15,82,223,200
67,11,4,40,17,64,412,245,157,29,200
27,89,67,17,11,89,30,131,83,67,100
37,55,107,22,150,12,119,421,268,14,200
11,1,67,412,24,22,254,99,92,223,200
41,18,101,412,266,76,56,51,75,412,100
42,28,40,61,105,222,17,432,63,117,100
54,412,245,29,107,83,31,157,222,62,100
64,268,119,412,23,81,157,7,77,24,200
103,133,28,110,111,268,22,56,122,11,200
42,76,67,25,17,119,76,45,82,412,100
102,19,245,7,119,64,53,157,8,222,200
1,157,111,61,110,27,4,67,89,35,200
23,18,103,113,16,51,61,10,31,11,100
60,412,99,114,222,268,37,103,51,79,100
110,51,17,10,92,23,76,56,53,17,100
421,8,119,25,110,268,12,201,154,67,200
64,23,1,101,22,64,122,412,31,104,200
223,110,1,72,5,51,157,1,28,92,100
29,223,39,268,23,77,236,17,81,412,100
23,110,92,99,5,13,412,268,36,29,200
77,4,12,110,68,40,64,266,17,15,200
223,10,92,119,105,62,103,22,111,107,200
92,150,53,236,30,39,119,99,9,412,200
36,43,11,236,103,121,75,161,22,10,200
22,41,412,19,254,11,267,81,429,102,100
21,25,254,105,11,14,6,32,105,412,200
131,6,76,43,126,40,36,268,254,67,100
222,112,17,223,254,25,429,266,157,131,200
222,421,117,245,114,157,13,21,4,99,200
76,22,134,223,24,223,268,429,222,131,200
134,67,117,27,131,58,267,105,48,22,200
266,122,81,40,157,5,40,157,76,110,100
51,412,86,254,268,236,90,89,23,102,200
111,92,91,35,51,99,76,107,120,268,100
7,223,412,77,236,119,35,7,267,268,100
4,25,86,15,106,4,110,245,37,75,200
43,222,19,111,102,7,12,222,64,120,100
76,31,67,223,161,107,429,254,157,43,200
18,17,157,111,53,17,81,12,15,245,200
245,223,267,2,222,27,222,81,412,28,100
28,24,17,26,12,53,112,54,67,31,200
222,54,55,35,1,89,11,92,67,157,200
223,111,119,8,131,1,51,54,32,107,200
2,57,74,245,35,79,17,5,161,11,200
131,30,26,110,22,15,268,1,13,19,100
55,107,121,12,15,99,8,268,10,79,100
107,105,62,22,11,79,119,85,50,268,200
67,223,121,222,20,112,412,20,83,21,200
21,412,113,157,62,7,67,267,58,64,100
1,119,126,60,54,21,222,57,27,223,100
223,266,110,7,37,41,25,5,76,18,200
31,92,55,59,11,110,56,223,55,102,100
11,22,5,7,222,30,222,254,77,99,200
105,11,45,18,4,222,26,13,90,111,100
23,201,18,1,11,268,157,11,53,119,100
29,134,53,75,42,79,223,22,4,37,100
412,10,92,29,35,4,157,266,223,18,100
110,412,222,11,23,76,61,22,412,107,200
154,157,81,223,15,11,45,27,104,412,200
92,67,412,1,64,81,85,412,104,76,100
22,223,131,81,13,412,24,81,21,27,200
106,81,223,236,67,131,10,157,222,31,200
99,102,22,245,122,28,107,89,99,22,200
120,85,412,20,18,67,92,16,64,7,200
105,53,28,110,75,62,1,223,102,42,100
35,412,22,223,157,25,86,61,60,15,100
412,106,53,223,122,1,429,43,254,68,200
223,31,157,67,103,429,58,91,53,64,200
1,114,12,105,51,105,157,131,22,223,100
110,14,268,77,53,412,90,62,5,429,100
17,23,268,16,15,119,75,5,89,6,200
86,11,37,74,22,103,157,81,99,80,200
5,67,86,223,7,110,19,412,31,74,200
64,33,89,92,103,15,37,107,31,99,100
412,77,98,161,18,77,412,104,86,99,100
11,12,15,412,84,161,268,102,11,31,100
21,143,131,76,114,19,4,245,23,45,100
412,154,236,67,122,223,245,150,119,4,100
412,157,110,74,35,12,55,110,161,92,200
412,67,68,76,421,61,223,110,113,86,100
4,45,75,53,19,35,157,92,7,133,200
25,429,245,10,114,121,150,412,69,42,200
114,19,22,39,84,57,106,54,36,110,100
15,11,99,75,103,25,64,157,67,11,100
222,268,99,114,421,5,75,59,102,74,200
77,23,157,122,57,26,126,222,14,266,200
18,40,7,412,9,5,119,55,75,16,200
81,223,86,18,35,222,37,84,23,62,200
61,10,432,119,41,41,67,121,76,31,200
150,41,267,17,254,17,53,37,75,1,100
92,222,106,223,63,412,77,1,17,86,200
76,19,126,99,161,245,412,1,32,104,100
51,74,89,31,14,92,10,104,12,4,100
67,81,40,98,79,15,67,89,61,32,200
21,23,74,77,89,254,268,105,67,11,200
1,17,11,68,157,11,412,110,45,32,100
223,102,76,67,121,74,1,96,77,35,200
154,7,110,44,150,89,90,19,17,21,200
45,67,19,75,53,15,161,19,106,223,200
51,62,107,40,7,222,157,114,64,74,100
115,12,82,104,107,98,36,62,55,222,200
102,24,45,223,104,119,19,12,99,81,100
91,110,11,5,122,86,4,103,35,74,100
103,53,29,79,19,18,268,412,64,62,200
18,17,222,412,11,4,79,222,5,157,100
35,51,74,17,59,110,107,105,75,25,200
421,18,53,17,23,245,17,223,104,122,100
245,1,11,81,22,412,32,22,17,107,100
8,157,42,111,5,412,254,102,157,110,200
22,157,12,63,254,41,131,1,119,412,100
157,223,110,80,28,55,15,412,74,28,100
105,119,111,64,92,54,67,245,157,48,200
81,51,23,254,37,56,245,67,223,85,100
110,20,161,98,23,99,44,92,254,51,200
60,157,119,86,223,22,28,85,86,55,200
81,201,64,55,105,53,412,64,222,26,200
19,126,15,157,106,7,105,107,133,111,100
21,84,266,412,56,110,25,11,99,56,200
111,429,77,105,12,53,96,223,41,117,100
143,150,5,15,161,15,92,12,107,103,200
51,103,267,5,117,112,143,266,42,92,100
13,58,76,21,17,81,37,19,161,58,100
223,24,67,245,161,9,222,19,75,37,200
76,112,222,412,79,110,120,104,117,3,100
35,51,412,103,86,64,37,98,110,86,200
19,98,112,22,14,11,22,36,99,53,200
91,40,92,96,131,51,43,92,157,79,100
223,107,10,15,41,8,222,412,55,5,100
161,23,110,48,22,62,90,22,84,17,200
254,36,22,31,161,86,96,223,161,38,200
96,22,245,223,102,54,17,3,5,21,200
60,412,35,245,22,59,20,51,157,92,200
15,99,21,5,17,157,1,150,421,17,100
107,157,222,105,267,412,268,119,223,150,100
36,67,76,9,111,86,67,37,101,77,100
119,4,64,74,121,81,102,37,8,110,100
157,40,32,17,110,115,74,222,53,254,200
25,119,75,157,80,133,122,19,37,31,200
54,1,35,80,5,64,51,157,67,16,100
223,19,22,8,119,98,15,412,81,245,200
81,23,54,157,19,161,62,77,90,68,200
51,254,40,245,8,107,117,13,58,56,100
429,201,74,17,113,67,17,267,105,112,200
245,236,58,223,5,110,421,80,107,50,100
11,98,67,105,53,114,67,268,412,75,200
157,37,11,161,62,15,84,11,157,114,100
223,161,92,4,98,150,38,107,105,81,100
10,56,133,429,53,19,92,67,117,55,100
18,245,119,31,432,56,53,113,22,4,200
127,18,77,98,23,62,126,223,157,81,100
75,105,53,110,154,67,25,121,92,157,100
22,223,40,161,150,236,10,122,40,103,100
86,236,11,106,25,77,31,119,64,412,200
37,67,17,5,36,79,58,110,161,223,200
412,39,11,91,222,11,103,1,84,22,100
107,429,103,412,19,268,92,254,110,53,100
22,5,75,412,157,161,39,11,54,67,100
22,17,254,25,11,268,17,35,157,16,100
67,122,28,53,69,268,15,117,79,92,100
110,11,19,222,1,41,10,86,25,103,100
222,32,157,31,412,67,223,79,74,268,100
107,245,412,80,22,2,72,91,110,53,200
38,25,104,23,64,68,266,157,67,57,200
23,81,113,34,432,24,11,222,111,25,100
77,25,157,15,62,15,11,81,67,25,200
86,98,103,53,154,63,150,11,91,21,100
55,98,79,222,86,161,1,11,110,74,200
35,121,53,266,22,81,77,223,92,36,200
223,67,107,112,36,236,157,111,76,267,200
67,14,154,103,268,110,223,421,157,90,100
75,113,157,5,222,53,11,236,74,154,200
157,23,110,9,91,81,1,105,104,17,200
60,9,111,75,81,18,54,25,11,127,100
222,412,19,36,110,75,412,131,5,67,200
17,56,412,157,120,74,15,107,266,53,200
76,99,117,83,119,222,86,79,74,11,100
11,104,101,53,39,23,96,67,102,223,100
41,74,106,412,27,31,21,268,63,120,100
11,15,111,84,8,75,131,29,223,107,200
105,412,119,22,84,8,14,62,91,122,200
105,62,18,154,12,67,223,61,254,27,200
105,254,110,5,81,107,115,120,17,112,100
86,9,11,110,1,161,86,11,13,1,100
223,25,115,77,157,22,122,99,23,8,200
62,157,22,1,19,110,5,13,22,106,200
18,103,45,102,98,15,59,75,30,98,200
131,67,223,25,157,25,48,223,222,105,100
201,4,245,81,254,17,24,40,122,6,100
67,432,24,222,112,42,121,267,110,102,100
76,17,22,114,117,81,67,104,79,1,100
53,103,51,1,113,67,161,77,62,6,100
76,25,96,266,157,245,133,223,76,67,200
120,67,92,7,40,222,245,92,77,412,200
122,268,44,133,62,67,131,412,81,24,100
43,31,99,67,11,92,110,17,62,432,200
11,25,81,222,58,81,54,267,51,8,200
115,67,56,114,267,99,111,17,15,23,200
50,55,222,254,122,22,54,60,40,157,200
24,22,76,5,35,18,432,86,10,4,200
223,121,157,17,104,62,412,11,53,81,200
126,157,53,10,76,23,13,29,57,223,100
5,11,412,103,21,18,64,67,5,89,100
86,11,110,268,101,55,110,6,10,64,100
412,91,86,67,81,80,9,15,53,157,200
75,40,77,161,21,51,31,105,412,63,100
268,40,11,67,112,120,99,105,67,25,100
77,222,36,110,74,23,76,110,120,37,200
429,127,268,86,11,43,157,5,8,429,100
223,81,254,51,92,107,127,29,223,103,200
11,40,110,5,55,74,37,18,11,54,200
268,161,60,22,62,110,98,24,103,80,200
51,161,67,37,76,98,21,28,90,223,200
61,28,98,81,53,131,64,223,6,98,100
85,99,24,222,11,223,36,222,91,268,100
40,1,110,11,19,131,4,1,41,51,200
11,78,29,55,7,77,1,13,110,11,200
161,11,22,40,24,80,9,62,5,17,200
98,64,50,57,15,110,24,64,412,268,100
10,86,161,92,67,27,267,63,92,67,200
30,223,54,412,39,22,223,91,16,19,100
111,19,222,13,61,53,22,157,5,13,200
133,112,89,32,1,81,105,98,429,99,200
103,10,41,62,268,9,7,222,412,86,200
103,5,119,11,40,81,223,56,119,105,100
67,39,98,21,24,104,81,154,77,223,100
119,35,102,74,103,76,236,28,36,201,100
2,131,222,157,40,245,62,161,421,120,100
90,107,17,15,16,25,222,10,103,157,200
114,412,35,63,29,23,154,55,119,412,200
19,55,35,37,74,21,58,9,51,19,100
223,106,51,131,80,236,91,75,5,223,100
61,223,19,236,268,84,7,27,59,112,200
11,53,51,58,115,107,131,223,34,64,100
1,104,62,53,64,81,16,84,5,119,200
222,31,161,81,27,157,245,50,81,37,200
68,67,223,254,41,412,67,90,254,39,200
7,23,222,28,223,84,75,157,62,222,200
9,119,223,23,32,266,55,79,110,24,200
157,13,53,77,81,161,67,119,8,64,100
29,11,9,17,10,58,161,11,119,1,100
91,59,92,25,18,41,157,40,28,29,200
62,157,98,42,53,35,126,96,1,67,200
104,53,8,80,161,51,112,245,92,412,200
223,133,75,84,53,31,104,131,53,103,100
5,6,266,67,81,42,223,76,106,81,100
17,76,112,131,28,34,432,67,58,236,100
40,1,14,67,10,13,10,53,236,92,200
21,223,17,266,4,27,11,53,13,104,200
22,245,223,81,68,77,98,42,223,157,200
429,24,161,22,79,11,157,18,122,64,100
102,157,103,53,15,23,121,67,157,40,100
222,91,5,143,68,81,89,74,150,107,200
25,48,7,24,429,134,67,110,24,412,200
22,223,112,122,24,17,223,115,429,107,200
59,80,17,5,27,14,266,63,110,77,200
223,25,131,22,110,245,86,223,22,55,100
18,92,245,223,111,92,429,254,5,11,200
412,86,22,55,254,37,161,11,110,6,200
429,117,222,134,31,67,64,79,157,117,100
11,143,67,5,245,104,37,77,35,157,100
254,89,119,45,75,11,67,34,59,7,100
42,201,12,110,54,91,55,43,254,104,100
92,122,267,119,126,268,121,105,86,429,100
104,62,10,69,22,96,5,18,2,37,200
81,20,68,429,37,55,6,53,222,24,100
5,110,161,36,23,161,75,245,17,19,200
40,91,131,18,39,31,201,42,7,41,100
10,110,25,4,412,64,67,223,75,8,100
1,75,268,421,15,245,57,17,110,64,100
134,6,40,75,245,7,11,36,12,67,200
254,236,17,1,223,86,15,268,223,80,100
86,105,20,67,223,21,61,24,102,111,200
223,106,119,103,99,53,64,22,157,106,100
412,51,32,54,157,38,40,222,56,92,200
103,92,15,28,223,74,121,89,222,75,100
150,89,1,76,222,68,22,28,111,30,200
54,92,55,117,42,222,157,31,254,14,200
429,62,12,54,157,29,2,43,412,150,200
89,27,268,120,429,43,11,81,55,150,200
86,13,1,412,22,9,412,32,1,110,100
11,268,110,38,266,53,80,161,110,62,200
23,412,81,41,55,81,41,110,112,20,100
39,133,121,223,99,54,102,107,126,81,100
245,92,110,54,25,79,55,266,99,81,100
53,22,74,63,56,82,106,161,112,67,100
119,412,59,84,268,432,157,91,110,105,100
37,92,57,14,56,150,56,117,22,43,200
54,67,432,75,31,223,40,1,67,104,200
432,22,266,17,117,12,110,63,60,39,100
31,56,81,223,222,76,223,267,19,429,200
2,111,51,9,121,223,16,105,122,51,100
27,98,110,222,107,412,107,59,22,81,100
41,53,80,15,32,10,85,55,38,121,100
9,67,81,25,122,236,37,55,114,32,200
75,412,64,222,4,104,45,68,412,79,100
236,14,429,9,103,64,245,223,35,429,100
254,77,90,22,98,67,98,121,63,89,200
150,110,412,245,11,222,110,412,102,7,200
86,33,37,61,222,157,104,113,110,111,100
22,69,32,223,59,67,68,48,10,223,100
42,33,74,53,28,17,11,59,223,21,200
55,16,81,245,22,119,157,2,54,53,200
25,222,14,134,13,4,412,86,35,51,200
134,91,5,18,412,119,35,107,31,223,100
11,85,122,222,55,115,5,14,222,201,200
223,429,56,84,75,44,37,76,16,40,100
223,39,131,412,81,82,77,245,22,6,200
122,157,133,43,19,245,53,75,81,99,100
89,104,161,75,32,78,157,10,119,20,100
421,157,119,44,84,25,67,81,64,41,200
62,222,101,223,157,17,91,107,432,110,100
223,32,79,81,122,17,421,53,114,103,200
110,35,161,80,4,17,19,81,22,53,200
223,55,150,22,37,111,67,79,23,84,200
21,36,223,11,45,1,98,222,107,19,100
412,92,22,131,45,412,86,53,76,157,200
22,64,18,223,122,67,161,29,121,9,100
102,91,133,68,26,110,8,102,22,37,100
37,29,91,127,60,105,8,223,222,64,200
67,63,25,131,245,105,81,98,67,102,200
223,266,429,82,107,102,122,267,61,6,200
222,122,25,69,24,102,104,40,157,11,100
15,62,98,5,110,23,76,60,150,22,100
120,86,267,17,22,412,40,51,74,254,100
81,75,37,11,22,245,102,25,222,114,100
81,24,6,222,111,11,12,22,223,58,200
67,126,50,267,19,114,81,10,51,37,200
91,67,34,98,24,150,1,104,28,81,200
67,103,53,15,48,69,12,222,81,64,100
10,45,86,43,67,112,429,26,48,157,100
429,7,99,9,75,31,22,92,61,1,200
92,103,113,22,412,59,1,25,105,77,200
106,81,37,17,157,222,4,13,67,267,200
92,77,161,222,81,20,23,412,21,1,100
112,18,412,39,11,119,76,67,68,22,100
84,80,43,222,98,11,157,98,107,60,100
4,223,34,11,38,157,22,79,8,37,100
254,1,69,22,13,64,81,157,61,37,100
268,64,119,201,77,67,92,254,268,223,100
25,22,421,268,80,223,222,421,86,115,200
28,62,412,110,15,110,31,76,122,82,100
15,126,50,223,35,17,133,223,412,53,100
41,74,51,76,99,54,25,245,157,17,200
92,107,21,84,110,110,75,412,41,23,200
222,14,13,111,11,20,76,98,67,81,200
119,223,98,90,254,268,11,223,80,222,200
38,41,19,201,110,25,107,23,268,15,200
25,90,41,92,59,84,54,110,59,64,200
36,5,245,53,133,268,22,86,64,223,100
24,131,143,41,99,412,28,13,18,157,100
67,5,25,13,245,111,11,157,54,42,200
55,82,67,89,62,268,107,157,22,55,100
64,37,429,81,57,18,101,113,44,27,100
114,77,432,112,104,119,24,77,35,4,200
41,222,80,267,161,62,1,53,15,86,200
222,23,268,122,91,110,86,11,37,31,200
60,76,127,75,222,26,157,35,115,22,100
266,42,106,131,41,254,55,37,22,5,200
84,80,75,26,22,53,131,6,19,22,100
62,432,110,45,60,10,77,83,133,412,100
11,223,412,29,32,107,1,42,27,112,200
254,22,61,64,13,64,245,157,5,126,200
67,63,201,121,24,22,157,35,24,31,100
133,119,81,161,254,55,107,104,223,31,200
84,122,17,154,42,51,40,106,17,115,100
429,114,1,84,67,20,17,1,18,23,100
55,161,41,22,268,110,79,412,9,222,100
45,133,76,223,23,75,120,67,81,111,200
101,412,78,81,154,6,53,5,7,106,200
14,35,223,22,55,82,76,34,222,48,100
8,67,121,245,14,35,412,10,51,31,200
103,268,11,223,110,266,11,36,38,119,200
59,67,99,5,80,223,117,57,11,21,100
14,110,17,11,105,412,11,75,105,18,100
81,24,4,150,79,64,51,27,105,37,100
117,268,81,102,86,121,67,268,222,25,200
35,412,98,134,67,43,22,131,92,81,200
67,223,201,15,16,30,18,157,28,12,100
54,112,32,122,110,5,22,223,105,121,200
115,15,86,11,64,31,105,17,92,412,100
10,412,110,9,67,131,11,23,161,106,200
81,412,121,11,34,22,10,8,11,4,100
223,113,14,55,18,41,111,51,268,77,100
157,223,81,29,412,23,412,86,84,429,200
76,107,121,115,223,27,61,67,14,223,100
76,107,1,161,110,105,64,110,15,27,100
51,72,412,60,55,39,119,99,81,62,200
4,53,23,51,75,133,75,421,55,89,100
77,6,42,40,157,157,81,19,41,99,100
254,64,7,110,154,412,55,122,17,11,200
62,223,119,10,41,5,41,22,157,421,100
110,24,121,10,1,62,102,40,268,222,100
76,34,223,201,15,267,113,18,268,201,200
89,79,4,51,39,223,72,102,105,429,100
1,29,92,28,53,64,69,201,19,42,100
78,59,99,222,89,40,67,92,28,63,100
119,25,19,111,103,67,31,201,245,105,200
67,27,53,81,19,1,2,67,104,161,200
105,22,79,9,17,110,143,122,1,14,200
55,92,102,53,99,412,102,4,5,119,100
12,102,112,15,157,223,268,102,99,11,100
32,17,37,11,222,84,110,24,76,17,100
157,51,12,68,77,110,150,99,78,161,100
86,11,222,223,121,17,121,62,99,110,200
62,110,79,91,120,107,121,105,412,23,200
107,412,17,223,55,157,75,80,15,77,200
55,122,24,412,432,29,201,32,103,86,200
105,75,266,15,12,432,51,21,39,60,100
236,91,150,412,57,76,77,122,432,429,200
67,112,53,86,42,106,31,53,161,67,200
22,64,13,79,67,19,157,121,412,67,200
62,11,15,161,16,131,110,15,17,13,200
22,5,223,245,59,157,22,245,10,53,200
35,1,67,131,157,110,9,99,103,92,100
67,104,11,40,105,9,127,4,33,22,200
133,201,11,25,55,89,131,110,106,157,200
24,64,75,30,22,268,11,1,115,21,200
64,18,201,268,17,22,31,68,99,30,200
157,110,150,113,15,412,131,72,102,18,100
53,36,74,15,54,81,266,223,41,55,200
56,51,223,53,17,104,74,5,35,412,200
63,18,55,11,54,64,59,89,51,112,200
161,86,107,19,10,84,110,22,75,5,100
106,15,74,64,150,89,55,76,84,21,200
96,51,110,6,67,113,223,222,55,75,200
8,201,236,266,77,429,23,7,17,223,100
150,107,17,22,10,110,23,19,421,11,200
19,8,105,10,53,268,120,59,11,412,100
412,99,22,122,24,117,22,53,268,421,100
4,16,105,102,17,83,64,268,236,79,100
91,20,412,21,64,37,110,64,223,19,100
432,16,131,223,5,105,12,67,36,157,100
92,24,115,1,81,245,45,53,86,429,200
115,11,8,104,53,105,29,28,9,245,100
72,157,131,23,223,111,32,161,80,96,100
103,150,104,223,245,131,15,50,223,12,200
11,17,161,40,86,120,113,15,267,134,100
150,113,245,10,157,81,254,236,67,89,200
412,85,421,15,59,223,105,67,41,64,100
81,223,74,17,121,11,27,76,1,245,200
236,57,157,111,53,5,99,24,412,222,100
223,102,57,222,245,84,15,412,53,12,200
21,245,17,22,412,9,103,17,122,6,100
157,53,55,79,81,76,15,1,103,86,200
267,62,103,11,119,126,92,412,56,223,100
99,5,245,75,119,25,110,17,113,55,100
76,201,4,81,67,99,1,51,30,266,100
161,19,11,119,22,84,110,18,161,55,100
157,245,13,81,35,92,11,113,91,22,200
157,81,13,55,254,86,45,81,412,32,200
79,13,81,55,412,268,59,412,22,64,100
268,412,48,106,110,110,157,17,5,9,100
18,41,67,31,11,76,412,57,22,7,200
5,67,267,17,41,99,111,64,15,28,200
105,134,67,76,59,81,67,75,25,5,200
98,64,67,412,110,22,245,1,17,18,200
16,22,112,245,18,223,15,17,103,107,200
40,5,14,99,18,81,268,98,107,16,100
34,55,81,432,77,67,421,57,268,412,100
67,134,11,72,107,11,157,58,29,412,100
92,21,51,16,268,37,53,429,38,86,200
17,89,15,105,55,40,105,17,76,11,200
110,86,75,106,22,86,110,127,17,22,200
75,31,110,23,268,14,22,222,1,24,200
5,11,119,8,43,157,12,5,119,55,100
1,27,53,77,22,64,23,11,110,34,100
143,41,157,107,67,11,1,22,126,81,100
121,266,157,1,223,85,236,5,8,412,100
268,105,39,67,117,268,22,11,89,41,100
77,412,107,67,45,9,42,41,245,63,100
64,429,223,105,77,13,18,17,223,40,200
14,56,223,268,110,133,223,80,64,8,100
23,22,89,5,131,131,67,13,33,76,100
412,105,67,107,223,150,223,103,67,64,100
54,131,67,81,1,107,161,105,103,254,100
75,62,37,22,84,86,254,17,131,14,200
412,92,268,102,55,412,5,67,101,268,200
67,120,134,106,117,74,121,8,67,223,100
114,84,16,81,76,77,110,161,105,81,100
222,157,107,75,53,245,91,117,115,31,100
222,72,81,31,43,61,117,222,76,35,100
429,223,20,268,5,39,432,63,22,75,200
161,17,19,11,5,14,110,40,75,45,100
60,268,223,37,38,80,11,84,86,103,200
79,55,24,11,412,75,24,67,45,50,200
268,412,64,429,32,53,17,35,74,104,200
98,107,18,37,268,412,117,104,56,34,200
92,412,104,54,50,157,9,89,81,92,100
222,126,89,254,4,119,117,92,64,76,200
105,11,5,4,53,20,35,222,412,36,200
268,53,98,81,5,10,62,103,412,133,100
84,21,81,11,58,119,268,421,24,223,200
122,76,25,67,103,41,222,75,201,117,100
35,157,161,55,110,19,67,54,110,105,200
6,105,223,17,77,23,102,92,58,27,100
55,89,29,27,102,41,157,12,77,21,200
105,22,20,74,37,10,22,1,83,79,100
77,35,91,133,143,6,81,412,131,223,200
157,266,12,126,77,14,64,267,7,119,200
104,105,27,112,44,223,34,122,107,104,200
29,157,17,223,19,254,133,12,91,31,200
101,79,90,1,86,11,19,412,245,110,200
69,154,267,222,2,39,412,64,101,67,100
90,222,120,223,79,10,4,72,412,429,100
268,81,161,107,4,41,51,115,107,412,200
14,63,412,79,67,105,79,24,412,15,200
62,16,99,86,1,99,110,121,1,22,100
223,412,92,76,22,107,41,53,90,236,200
107,74,119,44,55,54,157,29,44,99,200
412,28,150,126,76,64,67,245,412,131,200
110,28,121,24,15,222,117,81,223,121,100
15,223,111,4,63,150,268,40,24,104,200
11,21,39,245,12,432,268,223,8,81,100
11,15,61,143,223,11,79,104,63,39,200
67,69,34,75,102,157,53,22,107,86,200
105,223,134,104,39,76,64,51,111,161,100
16,222,101,84,32,29,131,245,92,11,200
429,64,432,223,268,69,119,23,11,43,200
18,412,268,11,5,131,43,11,58,110,100
429,1,36,5,37,22,31,64,112,37,200
35,69,41,18,16,236,37,43,127,40,200
5,223,15,10,36,9,222,1,223,91,200
15,112,37,102,5,11,75,67,268,69,100
21,86,268,412,56,79,102,222,25,76,100
268,110,67,107,412,54,223,161,67,104,100
51,11,81,412,150,41,157,14,37,67,100
134,21,245,107,10,81,67,421,27,223,100
117,75,222,33,99,267,75,4,32,21,200
25,105,77,268,21,6,67,110,432,10,200
22,102,117,32,110,18,2,35,412,84,100
54,429,79,223,30,110,67,412,223,64,100
150,35,161,157,110,68,432,15,121,223,100
112,55,113,67,75,127,157,222,89,56,200
99,110,127,22,268,110,13,22,102,1,200
22,268,64,86,59,84,24,29,20,55,200
5,35,55,13,22,110,53,17,4,13,200
17,412,21,9,55,157,92,84,412,16,100
122,201,81,18,24,223,81,27,60,11,100
110,92,1,16,245,92,25,22,5,81,200
268,81,223,18,92,110,45,5,432,24,200
134,22,53,245,120,120,412,79,150,110,100
17,222,69,223,28,41,89,412,134,51,200
67,40,55,39,75,245,104,107,121,11,200
131,8,17,223,22,131,432,24,18,1,100
24,222,5,223,55,110,81,412,10,150,100
17,102,76,110,74,7,53,16,41,150,200
15,223,86,5,7,429,412,81,11,223,100
79,55,27,25,110,222,150,412,113,112,200
161,22,11,254,37,17,55,412,28,79,200
143,10,77,64,85,67,98,412,7,223,100
81,222,80,201,75,86,412,236,81,13,200
11,133,61,10,50,157,11,222,223,106,100
104,154,77,223,2,131,92,11,5,67,100
101,107,121,27,18,56,98,44,114,67,100
84,75,13,15,40,268,9,16,79,6,100
18,16,55,72,19,8,67,53,31,33,200
223,412,15,17,161,91,11,63,22,9,200
36,21,1,5,4,12,18,84,11,23,200
25,266,4,64,110,75,77,103,4,223,100
55,40,110,133,154,13,55,120,119,154,200
157,37,72,50,119,223,81,76,77,107,200
22,25,157,114,4,43,55,32,76,222,200
31,223,107,15,99,67,55,223,86,79,200
55,76,18,90,10,222,92,1,72,111,200
432,104,107,150,30,122,21,53,106,54,100
412,222,62,8,35,110,266,412,39,23,100
120,201,77,41,22,412,81,110,59,77,100
25,69,77,6,84,16,68,63,77,51,200
17,157,92,81,67,105,11,131,412,18,200
161,51,91,11,98,21,421,31,23,201,200
67,28,120,161,53,76,53,80,114,67,100
86,110,121,99,81,110,19,412,102,10,200
8,50,102,67,12,103,150,89,119,5,100
75,412,222,105,103,22,11,55,82,1,200
412,114,15,5,127,421,99,64,101,110,200
64,89,222,55,223,41,81,111,2,67,200
51,105,111,223,11,254,143,58,3,22,100
42,63,268,79,68,114,12,81,17,31,200
22,53,19,111,81,40,222,63,24,79,100
115,53,23,10,223,10,64,67,89,3,100
223,119,115,79,120,412,11,201,81,63,200
14,99,107,18,90,99,236,19,62,126,200
117,6,22,74,114,161,19,412,51,74,100
236,9,112,90,412,236,113,78,223,84,200
19,81,150,16,21,121,223,222,143,157,200
77,22,131,92,12,107,99,81,11,22,200
22,67,53,19,99,51,24,55,266,412,100
105,11,67,26,412,17,10,37,81,266,200
2,53,157,268,51,117,36,157,19,51,100
110,267,22,105,48,119,29,37,75,131,200
115,40,223,222,81,51,131,201,39,157,200
67,85,161,20,107,77,57,67,4,201,200
53,11,15,105,20,429,25,102,126,223,100
99,11,86,1,110,81,25,80,21,79,100
54,35,4,157,15,75,98,7,35,18,200
245,1,29,74,106,99,67,56,41,22,100
55,14,86,432,21,92,77,105,96,76,100
245,161,131,110,421,37,98,99,254,236,200
104,5,150,105,37,119,412,150,19,104,200
201,429,161,157,223,81,79,429,76,58,200
81,67,77,150,412,432,56,55,266,22,100
89,102,67,55,56,412,8,110,28,15,100
77,106,81,99,18,10,412,92,112,18,200
21,51,68,421,223,29,5,55,16,83,100
223,35,51,62,99,92,53,157,110,28,200
157,76,67,80,223,22,157,80,41,89,200
222,61,412,98,19,22,81,223,92,24,100
85,40,67,102,157,102,55,24,98,104,100
26,103,18,17,11,412,68,268,55,22,100
86,25,222,84,19,222,40,27,157,11,100
122,11,102,104,24,64,103,35,143,105,200
111,110,412,112,23,19,268,86,111,22,200
75,110,36,10,5,37,61,429,254,4,100
41,86,35,245,81,22,4,9,412,11,100
105,59,110,99,67,106,110,86,222,5,100
102,17,429,34,28,99,15,23,80,17,200
131,39,222,106,16,76,89,24,412,21,100
412,432,111,429,69,67,412,31,245,64,100
59,67,17,201,11,67,98,8,107,78,200
5,28,104,157,39,17,11,119,37,9,200
98,131,22,80,50,98,103,89,51,4,200
57,103,27,223,222,63,67,127,48,101,200
412,67,254,99,64,48,68,91,89,67,200
105,23,223,76,22,14,102,412,7,429,200
121,103,150,412,223,157,64,99,114,6,100
104,161,84,51,101,36,4,15,32,75,200
268,77,222,39,134,81,53,75,7,24,200
41,51,91,432,412,254,268,222,2,245,200
12,80,114,17,55,76,67,63,26,92,100
67,17,37,82,35,51,102,74,23,83,200
412,110,11,1,7,161,79,17,15,102,200
81,75,11,105,412,22,122,157,131,96,100
31,268,75,11,29,223,17,22,107,421,200
62,157,412,222,105,222,62,37,1,98,200
99,222,412,57,223,35,4,421,412,15,200
42,107,223,67,43,86,11,77,67,10,100
107,92,111,119,90,67,107,86,99,79,200
22,17,9,412,19,86,266,222,412,35,100
92,114,157,161,55,81,41,1,99,45,200
222,26,75,4,19,15,19,268,122,161,100
45,1,245,60,103,61,412,22,7,60,200
26,81,11,63,98,16,119,55,59,9,200
114,35,45,22,53,268,63,67,19,92,200
102,150,81,63,15,81,1,77,53,67,100
67,37,31,103,113,81,21,222,67,51,100
223,222,105,62,11,11,81,268,92,74,100
119,154,103,201,266,64,67,157,412,63,200
222,64,223,157,53,18,268,111,2,107,200
120,223,37,161,110,223,64,101,25,157,200
51,161,68,40,102,22,25,110,223,266,100
412,64,1,35,21,35,92,15,61,112,100
36,41,67,79,7,81,92,24,223,51,200
6,223,113,99,236,266,432,92,28,81,200
412,21,11,13,9,86,102,266,11,28,200
86,110,62,412,1,32,161,222,11,268,200
39,9,101,110,23,7,80,15,105,41,200
11,245,28,5,29,5,13,67,36,92,200
11,39,40,22,19,55,9,111,86,22,200
11,24,18,4,412,223,9,13,17,67,100
114,22,55,23,5,114,122,22,120,268,200
98,9,67,112,20,223,28,157,51,55,200
126,21,115,40,36,131,81,64,17,76,100
107,81,51,126,412,119,39,56,412,117,100
39,22,99,72,61,99,58,21,37,113,100
22,254,40,114,222,157,22,107,92,412,100
67,64,75,13,105,54,76,104,53,51,200
92,9,412,6,22,79,67,17,75,11,200
55,222,77,37,58,22,37,68,157,254,100
223,80,131,157,429,7,92,61,17,34,100
75,45,32,67,89,76,67,12,1,14,200
82,31,59,117,67,81,412,4,35,11,200
201,19,15,84,268,222,223,41,20,25,200
223,105,24,27,122,76,41,74,223,22,100
22,107,25,74,41,102,18,55,92,157,200
61,24,80,222,53,15,26,105,102,10,200
111,92,96,55,40,74,412,41,133,23,100
57,99,39,67,117,12,4,161,53,67,100
412,51,74,106,19,222,79,11,157,37,100
29,105,92,89,84,412,11,83,22,4,100
157,222,19,117,268,89,11,81,86,119,100
112,51,412,80,79,55,69,5,92,245,200
412,236,60,4,98,223,62,75,67,63,100
107,117,104,112,10,15,105,99,107,11,100
92,105,12,75,19,4,254,51,5,43,100
131,15,412,8,11,13,81,412,223,157,200
40,268,75,29,11,103,429,161,12,86,100
99,86,53,72,67,81,157,92,22,266,200
53,1,77,157,18,157,77,223,76,92,100
79,18,104,63,101,105,31,11,110,106,200
13,98,112,104,64,429,245,35,223,57,200
19,67,223,41,34,5,92,412,245,41,200
81,134,150,22,20,223,432,107,4,98,100
17,99,11,161,22,106,86,117,92,222,100
59,223,16,105,35,22,223,412,268,72,100
267,75,222,81,121,11,59,17,16,429,200
4,12,81,11,23,223,412,81,13,51,100
110,122,161,412,19,254,12,18,161,86,200
3,245,102,29,25,157,24,12,121,429,100
91,15,111,39,11,45,154,223,10,222,100
69,11,57,29,115,105,34,19,83,133,200
412,24,58,245,67,29,111,236,245,67,200
104,105,412,10,45,54,131,76,15,75,100
90,412,17,19,236,236,106,85,266,25,100
4,11,16,21,110,11,110,1,86,24,200
99,62,92,222,110,36,22,161,99,127,100
104,223,81,43,107,102,429,223,45,133,200
67,56,245,111,81,222,57,39,6,16,200
112,429,92,1,98,86,111,112,56,61,100
50,223,120,76,222,412,21,27,69,24,100
19,67,89,58,268,81,75,64,103,37,100
236,268,63,23,24,82,1,102,67,105,100
110,76,157,56,5,42,50,223,157,254,100
22,143,105,15,69,11,74,51,53,43,100
102,412,84,110,101,35,53,62,54,126,200
28,99,104,53,83,67,80,268,62,36,100
64,236,96,80,223,223,222,99,131,2,200
67,84,92,201,57,223,21,57,98,81,100
107,37,222,84,39,101,76,67,412,54,200
67,412,99,27,106,45,35,20,236,58,100
245,60,43,22,111,67,267,92,81,64,100
21,67,17,80,112,56,110,17,432,25,100
157,20,53,58,412,157,45,119,89,77,200
81,107,110,4,30,161,99,222,22,268,100
222,41,84,55,79,9,114,102,13,110,200
15,99,223,254,24,11,81,89,18,54,200
74,5,76,22,53,11,25,77,13,79,200
157,64,54,53,67,81,10,90,103,117,100
42,72,75,30,143,112,56,223,15,117,100
41,105,412,11,222,89,5,266,42,77,100
105,24,15,36,77,21,110,78,37,84,200
53,61,412,62,41,117,223,266,21,68,200
92,104,89,11,99,24,53,119,102,157,200
19,45,412,1,67,67,53,120,40,81,100
56,1,99,104,106,96,81,12,8,11,100
17,21,79,127,45,53,22,223,14,81,200
267,412,33,105,15,201,150,254,31,126,200
86,110,11,267,22,15,11,35,22,157,200
11,157,8,67,40,157,67,28,13,53,100
5,76,92,115,81,110,12,55,67,19,100
105,54,111,16,67,223,161,117,9,42,100
45,1,150,131,429,22,41,5,37,30,200
75,5,412,53,37,11,119,16,412,121,100
103,62,79,157,15,133,268,222,113,412,200
201,51,63,157,4,84,57,60,12,429,100
267,5,31,51,57,35,4,59,67,1,100
126,11,51,76,20,39,223,81,268,34,200
11,82,222,223,17,254,55,223,12,22,100
15,53,127,31,102,102,42,150,30,412,200
77,53,122,17,63,223,15,161,19,54,100
223,29,81,30,14,80,99,421,67,1,100
74,22,157,24,5,131,92,268,75,55,100
1,110,106,58,33,110,11,161,51,17,200
1,99,18,55,110,55,18,32,120,267,200
157,22,17,245,89,67,99,36,64,63,100
77,23,15,81,64,81,59,412,17,104,200
22,99,223,39,68,59,223,103,111,222,200
23,21,112,412,24,131,36,4,15,267,100
81,39,19,412,1,31,55,76,63,11,200
157,19,37,24,236,76,53,254,81,22,100
22,12,103,5,107,236,223,67,106,99,200
1,64,99,35,42,1,17,157,222,120,200
19,110,99,30,150,78,12,27,117,44,100
11,5,7,39,19,268,105,96,40,13,200
51,107,268,3,8,5,53,17,51,245,200
14,429,59,17,84,39,111,91,254,15,200
1,74,86,10,79,268,22,40,92,11,100
110,111,62,131,19,223,64,236,127,80,200
113,157,64,53,81,77,103,157,67,53,200
223,91,15,43,98,28,157,67,76,16,100
412,63,103,4,10,222,50,92,102,53,200
41,22,75,1,131,131,37,28,236,5,100
86,18,412,55,106,4,268,1,23,412,200
133,53,92,81,28,104,23,157,35,89,100
30,11,77,134,131,45,79,44,236,62,200
421,53,51,21,154,62,157,86,112,104,200
56,102,55,11,48,69,15,23,223,2,100
18,122,157,64,223,245,111,102,131,15,200
11,86,37,42,30,17,110,121,107,98,100
133,25,67,268,76,150,34,20,31,51,200
8,11,40,110,14,110,19,86,84,76,100
51,105,8,5,32,81,421,17,53,18,100
17,78,222,266,31,17,22,103,412,121,200
22,201,77,110,161,25,55,254,39,21,200
412,79,67,268,75,222,55,54,64,267,200
236,16,32,103,11,11,104,45,89,24,100
80,53,105,21,75,39,67,98,1,99,100
24,81,4,56,161,223,44,35,53,81,100
56,110,17,236,267,121,103,1,8,222,200
245,67,81,43,157,20,412,77,81,86,100
40,131,56,222,86,223,79,222,99,121,100
22,53,121,126,86,62,12,236,157,68,200
120,81,53,13,55,67,157,113,268,267,100
245,58,40,22,421,72,223,67,42,92,100
99,76,35,106,110,91,18,201,4,24,100
34,77,150,268,429,81,412,29,4,68,200
67,72,157,111,266,67,1,2,102,64,200
16,222,56,103,23,48,103,110,105,223,100
99,7,12,22,102,76,254,36,110,37,100
74,22,11,157,86,245,40,18,45,28,100
29,103,412,39,121,5,157,222,37,90,200
110,17,41,11,16,55,236,92,117,72,100
201,76,157,121,236,8,64,17,13,45,100
110,432,11,134,120,429,223,6,89,45,100
18,157,11,110,222,115,111,74,22,28,200
1,14,13,81,17,20,22,412,86,92,100
55,14,429,59,223,131,122,110,222,89,200
22,19,13,161,110,18,75,9,16,29,200
22,91,37,50,68,223,17,9,19,81,100
92,41,21,67,127,120,41,223,10,429,200
1,79,222,78,89,412,81,32,84,1,200
51,64,19,157,43,245,17,223,67,81,200
22,150,245,25,3,5,1,12,24,236,100
56,4,16,126,17,131,114,110,107,223,200
76,51,33,121,99,222,91,245,53,8,200
79,34,43,17,23,17,268,45,161,9,200
60,245,412,45,222,64,37,105,104,268,200
15,120,223,157,67,107,42,63,25,11,200
161,14,22,117,11,36,126,6,89,35,100
112,64,51,117,86,96,105,111,41,113,200
96,76,81,412,13,126,245,222,201,103,100
53,68,77,61,429,37,5,67,59,157,100
412,55,11,13,104,106,30,122,51,55,200
4,15,16,80,19,4,131,110,107,25,100
150,14,157,51,45,421,37,61,27,110,100
79,1,222,17,13,110,105,13,25,222,200
105,53,55,122,17,11,6,86,9,18,100
53,1,421,21,102,222,5,157,37,223,200
25,75,23,157,15,24,421,53,15,76,100
103,10,53,67,11,67,86,222,412,75,100
131,81,9,80,39,17,222,55,3,161,100
157,99,68,110,20,31,99,121,268,81,100
55,82,63,17,429,55,110,11,150,222,200
429,268,11,111,80,254,23,21,18,27,100
112,76,98,32,236,72,104,76,101,117,100
96,42,111,133,11,81,110,223,41,131,100
99,35,201,82,5,106,122,35,22,99,200
86,75,19,102,13,31,17,110,19,40,200
18,80,432,268,17,50,79,81,89,48,200
75,223,53,157,76,110,105,86,59,85,200
161,254,134,105,110,55,22,76,11,40,100
41,117,76,421,222,223,76,41,99,43,100
59,268,48,81,53,11,55,432,67,20,200
79,157,67,16,7,122,19,412,30,42,200
15,63,102,122,31,1,222,103,2,98,100
110,103,56,127,412,57,63,81,223,267,100
55,17,117,33,67,9,78,8,245,63,100
11,113,112,67,412,60,236,89,114,112,200
5,412,81,34,75,53,115,429,64,62,200
11,61,102,76,53,267,84,154,92,110,200
58,105,22,11,25,223,55,75,5,81,200
64,43,80,117,18,15,64,36,99,161,200
7,15,17,268,35,7,102,412,67,21,100
60,67,91,68,412,76,102,67,110,98,100
81,37,421,2,67,161,412,42,122,80,100
76,22,32,161,41,37,11,222,85,23,200
222,14,50,157,68,81,40,11,157,412,200
412,157,121,92,222,268,17,67,223,32,200
161,126,51,35,58,51,113,45,201,92,100
89,48,15,131,223,122,76,121,22,37,100
37,121,268,32,223,126,131,157,77,81,200
15,1,9,103,17,64,103,79,22,223,200
19,51,267,157,107,51,117,11,81,75,100
67,245,23,81,43,412,236,74,131,107,200
53,12,429,254,30,39,53,245,429,59,200
81,15,154,56,117,432,67,421,268,54,100
268,429,1,24,131,412,81,105,19,67,200
105,102,61,22,432,245,16,120,223,51,100
67,150,111,23,157,122,92,1,17,51,200
223,24,67,19,112,12,102,98,81,223,200
223,24,157,429,268,266,143,421,22,245,200
64,84,104,99,19,6,28,103,412,51,100
86,412,99,110,32,1,99,110,45,11,200
23,82,266,107,74,223,11,5,4,55,100
99,20,25,122,131,429,105,53,5,18,100
131,18,16,105,77,222,412,105,76,31,100
61,48,157,4,102,17,245,222,110,105,100
36,412,103,18,22,90,104,23,20,101,100
51,75,34,421,2,21,150,53,79,112,200
110,74,17,106,157,122,21,19,245,41,200
157,9,22,75,54,75,110,81,55,53,100
81,223,98,11,110,11,412,133,268,62,200
432,51,77,55,41,21,150,56,53,105,100
254,67,150,120,223,111,11,161,80,429,200
20,68,429,61,107,13,12,67,223,38,100
429,30,412,82,83,37,32,48,29,7,200
15,112,84,254,223,74,7,22,106,14,200
56,81,412,131,91,127,44,110,254,86,200
110,412,8,79,85,81,412,80,22,14,200
25,18,412,20,122,77,61,64,37,421,200
39,126,89,236,74,43,4,412,102,22,200
67,99,33,223,245,412,245,119,150,77,200
5,161,37,110,17,157,37,74,106,75,200
39,267,30,105,64,119,25,16,161,11,100
44,51,75,68,131,64,110,432,11,157,100
99,32,268,14,18,77,81,78,134,267,200
4,222,92,254,1,31,89,92,77,18,200
67,40,18,17,32,161,34,131,11,15,100
22,11,157,84,35,5,25,83,22,1,100
10,98,154,15,4,98,75,45,254,157,200
22,412,76,223,1,81,10,15,412,69,100
67,24,245,412,110,245,223,143,22,77,200
35,105,53,157,120,31,16,114,102,28,100
5,8,110,63,11,81,21,4,412,10,100
412,133,157,421,222,10,14,412,45,67,200
104,37,110,68,76,39,8,3,223,51,100
7,11,64,412,110,412,81,28,83,105,100
223,268,421,51,64,111,23,131,4,81,200
17,412,222,11,103,223,77,37,44,134,100
114,117,110,268,254,101,222,122,105,412,200
45,37,103,15,421,114,134,29,432,14,200
53,157,122,81,76,23,115,5,16,37,100
41,81,223,67,64,54,421,143,61,18,100
10,268,67,266,111,82,122,5,104,223,200
120,29,40,106,81,131,104,40,77,92,100
67,223,9,134,59,53,92,75,99,236,200
96,105,223,20,92,58,67,223,76,267,100
98,110,432,105,6,18,35,267,41,32,100
36,10,51,223,92,64,53,81,76,103,200
222,67,81,157,110,21,41,121,86,412,100
223,19,245,92,67,37,223,67,77,9,200
268,13,110,24,412,11,412,45,23,62,200
222,111,10,268,24,11,122,6,223,161,200
157,81,11,429,12,55,105,245,77,111,200
79,86,11,1,110,110,99,81,13,102,100
105,19,223,31,6,412,48,18,7,20,200
53,22,28,75,11,223,31,102,42,64,100
236,89,82,5,9,432,105,48,74,236,100
11,40,236,61,114,131,34,24,51,59,200
412,24,55,81,13,98,268,92,104,201,100
92,2,53,104,6,107,110,35,11,103,200
223,59,45,119,92,223,50,42,236,131,200
110,119,432,35,122,67,120,103,113,76,200
157,412,104,11,13,24,19,51,7,76,200
104,56,53,54,51,122,96,22,56,201,100
38,22,267,157,102,11,17,81,99,5,100
29,23,35,45,40,1,33,11,412,22,100
75,245,22,13,161,5,53,84,22,24,200
5,18,24,99,7,9,53,99,67,114,100
1,110,421,161,58,43,15,102,157,11,200
412,28,114,105,110,14,157,11,15,412,100
110,223,54,150,157,67,61,85,33,106,200
35,101,429,23,40,223,67,1,41,11,100
41,67,53,80,18,10,222,62,157,99,200
53,27,104,157,59,80,114,110,84,63,200
69,25,133,33,121,62,11,18,106,4,100
111,16,92,45,222,412,51,39,27,134,100
8,421,223,222,61,223,105,121,67,8,200
53,120,222,13,99,223,78,4,412,107,200
67,12,222,106,76,67,161,57,107,42,200
92,412,39,103,222,64,81,76,67,245,100
111,126,99,25,114,106,51,412,61,266,200
77,41,17,11,37,22,1,105,127,16,100
268,117,67,24,58,98,89,10,42,107,200
81,53,82,91,11,161,113,111,429,107,100
143,98,99,76,84,25,28,223,1,67,100
53,110,11,157,268,53,11,55,67,92,200
81,58,157,143,105,112,107,421,236,37,200
127,67,22,99,222,268,17,22,14,11,200
40,110,11,113,1,92,51,245,79,412,200
114,13,74,1,245,9,5,86,222,412,100
268,32,105,42,110,161,32,81,12,17,200
12,64,81,24,18,99,432,111,75,15,100
5,412,81,13,79,1,110,85,105,76,100
222,62,92,55,412,77,17,74,54,22,100
106,223,161,53,18,11,48,57,161,74,200
22,75,63,102,17,4,19,114,83,91,100
19,110,25,114,99,11,92,22,268,102,100
32,33,222,245,150,81,28,82,223,31,100
5,268,412,53,122,98,17,107,51,43,200
157,79,223,16,10,53,106,34,1,56,200
67,92,161,64,53,51,86,40,74,113,100
62,110,13,74,121,2,412,22,92,127,100
17,15,81,62,89,86,40,5,4,222,100
117,96,20,150,10,223,96,111,133,35,100
6,103,104,412,254,105,99,18,37,14,200
114,67,11,268,201,254,114,11,80,161,200
26,59,18,1,31,81,245,64,104,117,100
111,37,23,51,74,89,110,39,62,121,100
201,85,107,32,18,10,112,48,22,25,100
89,110,17,245,157,68,11,76,22,134,200
412,20,91,51,17,67,13,223,5,7,100
67,223,79,8,61,157,56,268,412,222,200
119,26,23,77,157,4,267,25,67,11,100
104,117,99,102,5,55,107,157,223,17,100
157,86,110,254,223,77,110,101,12,122,200
81,7,92,121,223,59,51,41,99,92,100
51,102,268,2,74,41,1,16,23,22,100
122,222,40,61,157,35,75,53,104,91,200
42,412,122,268,107,21,99,17,89,120,200
64,268,89,67,14,56,429,412,5,79,200
27,268,26,51,103,45,79,86,20,6,200
16,110,72,22,122,150,54,222,110,40,200
42,102,67,31,89,102,25,104,412,17,100
92,412,20,99,110,110,102,13,11,268,100
20,16,30,55,18,62,245,110,1,4,200
254,412,7,86,22,10,222,121,412,36,200
67,13,53,61,64,11,42,55,44,223,100
157,133,421,105,1,44,31,154,21,67,200
1,18,37,11,150,104,412,39,103,120,200
110,17,78,27,81,86,96,48,22,99,100
67,254,39,134,16,99,122,42,110,254,200
55,8,254,63,17,4,11,245,25,1,100
85,80,133,102,412,157,126,24,15,53,100
67,39,105,412,268,40,67,76,223,92,100
222,44,102,79,24,268,84,412,32,222,100
223,105,429,115,102,4,11,89,245,236,200
55,223,133,84,53,67,48,85,111,51,200
45,107,16,51,106,223,16,86,104,161,200
131,77,107,42,53,20,54,74,15,5,100
16,55,110,92,90,29,89,75,9,1,200
157,222,245,1,23,98,110,10,32,91,200
107,96,59,99,98,412,157,120,102,81,100
110,53,86,54,11,102,79,86,5,45,100
121,26,77,45,51,110,8,25,54,76,100
22,4,60,16,84,19,23,22,61,37,200
81,53,27,76,12,105,111,29,86,268,200
223,4,222,56,98,16,268,39,67,35,100
150,429,133,223,127,53,67,222,99,24,200
1,36,103,133,23,7,113,22,24,161,200
51,223,81,432,76,157,75,161,79,222,200
201,114,104,38,105,67,157,201,19,127,100
80,223,38,67,39,268,62,412,131,18,200
30,11,222,53,24,53,266,245,35,78,100
122,69,222,412,77,23,254,223,22,112,100
11,62,67,76,13,51,11,432,24,68,100
105,98,223,25,429,57,1,111,119,161,200
412,69,107,11,22,77,222,53,1,62,200
131,412,81,75,105,76,107,223,99,429,100
55,98,24,80,14,86,5,40,67,91,200
18,1,92,412,223,27,110,103,92,67,200
86,11,268,22,10,11,6,79,36,110,200
223,81,161,59,34,42,98,5,105,43,200
245,222,102,16,7,67,245,25,14,131,200
245,110,13,412,23,67,62,268,35,106,200
5,412,121,29,268,16,79,222,105,53,100
27,111,222,91,89,98,67,64,5,17,200
38,245,412,107,55,58,50,35,12,81,100
53,38,11,74,81,45,421,57,54,429,100
111,15,157,42,11,21,161,20,119,98,200
223,106,120,110,157,76,64,74,29,20,100
254,37,68,18,1,64,110,31,157,53,200
29,24,25,99,245,64,157,222,16,11,200
75,79,42,1,98,1,62,37,110,35,200
14,161,114,99,15,27,103,77,37,236,200
121,103,79,86,24,223,31,11,104,134,200
6,5,3,13,106,13,223,110,55,432,100
412,11,22,25,98,114,34,40,113,22,200
105,67,23,25,17,106,17,268,412,21,200
53,10,22,91,23,412,51,157,99,17,100
119,25,102,1,98,17,267,90,22,113,100
79,39,53,1,22,17,76,1,22,268,100
103,11,75,36,37,85,412,17,150,20,100
8,67,11,115,412,84,51,10,31,79,100
432,10,102,223,110,91,69,44,22,432,100
111,110,223,42,54,39,104,223,92,107,200
98,115,143,222,77,161,120,102,51,89,200
119,8,412,254,106,92,84,67,4,53,200
412,55,106,64,121,131,99,86,21,6,200
81,254,53,55,67,103,81,67,25,11,200
64,119,59,412,157,254,245,22,157,1,200
29,61,126,76,412,107,98,90,18,89,200
45,11,59,9,30,64,110,86,61,11,200
98,102,2,222,64,67,143,157,11,75,100
19,25,77,110,11,11,222,268,54,55,200
40,268,105,113,51,5,98,75,63,110,100
12,64,25,13,40,102,29,16,39,74,200
201,161,110,5,48,122,81,432,43,11,100
114,35,157,223,67,79,17,222,157,16,200
429,10,150,92,111,98,99,38,67,55,200
81,10,51,412,13,27,223,429,157,11,200
16,62,223,268,110,24,42,18,64,107,200
79,110,19,18,89,11,161,76,91,5,100
77,22,223,81,99,103,31,266,54,429,200
50,24,245,122,89,119,114,11,245,143,100
5,222,92,13,267,67,11,86,117,268,100
2,412,105,67,84,59,63,1,54,67,100
62,63,51,412,120,14,104,89,268,107,200
96,157,10,412,39,105,23,143,222,43,100
68,268,102,22,1,268,41,22,56,412,200
29,112,102,77,81,266,81,58,40,112,100
45,245,16,18,79,102,105,122,223,18,200
3,83,59,13,82,101,131,266,5,22,200
8,429,103,99,35,161,41,86,21,19,100
5,131,22,223,157,112,92,161,110,25,100
25,22,110,57,77,161,110,24,99,77,100
222,157,77,98,131,412,67,64,1,55,200
64,131,22,223,9,117,67,104,81,19,200
55,67,64,53,268,56,76,51,92,99,100
35,223,98,18,154,157,105,201,28,429,200
21,64,62,36,31,28,53,99,110,157,100
421,107,223,81,268,63,131,432,107,67,200
110,268,86,14,4,4,39,22,76,86,200
75,19,110,111,62,35,115,14,201,23,200
161,17,110,25,8,22,107,245,223,77,100
23,11,223,17,74,56,22,161,126,17,200
102,223,21,114,103,11,51,76,91,412,100
75,157,63,15,245,222,157,81,223,59,100
429,9,157,79,69,62,223,412,81,429,100
266,58,89,268,18,222,92,25,161,64,100
12,105,107,67,268,75,110,268,64,1,200
55,17,32,40,110,11,9,22,74,40,200
412,99,36,11,17,103,201,91,32,29,100
111,222,412,41,25,11,86,99,81,76,100
4,50,245,5,67,22,81,64,92,412,200
81,60,67,31,89,53,102,54,18,45,200
113,1,133,104,412,28,105,412,67,64,100
122,222,4,44,39,245,80,59,98,19,100
76,113,40,84,119,92,24,266,4,67,100
77,117,222,86,157,103,11,40,84,18,100
103,161,81,17,268,19,105,429,412,74,200
67,68,7,44,41,8,25,222,59,15,100
86,8,80,22,119,64,6,9,11,412,200
76,48,1,12,429,201,10,96,102,13,100
157,105,114,111,16,412,110,85,106,74,200
13,110,11,24,36,110,4,25,161,40,200
122,161,107,67,157,245,161,222,84,98,200
30,12,157,81,64,40,12,51,19,81,100
20,72,13,98,11,67,267,35,126,76,200
81,150,105,99,35,63,80,10,102,222,100
30,64,76,74,35,223,117,30,131,22,200
31,53,222,76,27,4,92,12,42,11,100
31,4,104,11,2,105,89,67,122,111,100
6,114,113,67,157,9,268,18,223,80,200
98,61,110,105,39,429,8,115,56,412,100
33,78,55,161,429,268,76,53,22,266,200
157,28,110,22,26,61,222,64,98,412,200
4,106,5,2,81,110,43,41,68,1,200
42,1,17,268,8,412,90,236,25,122,100
10,429,1,57,157,74,113,55,22,37,200
245,75,12,51,11,102,110,67,223,25,100
